"","X","sitename","CORAL","OI","MA","MA_noHALI","BCA","CCA","SAND","FCA","RUB","TURF","HALI","calcifiers","noncalcifiers","BSR"
"1",1,"Aasu",34.4871794871795,1.02564102564103,1.92307692307692,1.02564102564103,0.897435897435897,24.3589743589744,0.256410256410256,16.4102564102564,0.256410256410256,20.3846153846154,0.897435897435897,60.6410256410257,37.8205128205128,1.60338983050848
"2",2,"Afono",17.5333333333333,0.384615384615385,28.2871794871795,0.769230769230769,14.3128205128205,7.08205128205128,1.79487179487179,23.6205128205128,0,6.98461538461538,27.5179487179487,66.4461538461538,31.3743589743589,2.11784897025172
"3",3,"Alega",11.2820512820513,12.0512820512821,7.94871794871795,5.64102564102564,0.512820512820513,34.6153846153846,1.28205128205128,30.2564102564103,0,1.79487179487179,2.30769230769231,48.7179487179487,37.6923076923077,1.29251700680272
"4",4,"Alofau",12.6666666666667,0.133333333333333,6.58974358974359,4.78461538461538,2.7025641025641,14.2410256410256,0.38974358974359,50.0153846153846,0,13.2615384615385,1.80512820512821,31.4153846153846,68.0615384615385,0.461573236889692
"5",5,"Amalau",56.8871794871795,0.769230769230769,2.18974358974359,0.133333333333333,0.256410256410256,17.7333333333333,0,20.4871794871795,0,1.67692307692308,2.05641025641026,76.9333333333333,22.2974358974359,3.45032198712051
"6",6,"Amaluia",47.8205128205128,3.07692307692308,9.23076923076923,8.58974358974359,0,20.3846153846154,0.384615384615385,14.4871794871795,0,4.61538461538461,0.641025641025641,68.8461538461538,27.6923076923077,2.48611111111111
"7",7,"Amanave",56.6666666666667,6.53846153846154,0.128205128205128,0.128205128205128,0.256410256410256,25.6410256410256,0,9.35897435897436,0,1.41025641025641,0,82.5641025641026,10.8974358974359,7.57647058823529
"8",8,"Amaua",10.3846153846154,5.25641025641026,12.4358974358974,12.3076923076923,0,29.7435897435897,0,39.8717948717949,0,2.30769230769231,0.128205128205128,40.2564102564102,54.4871794871795,0.738823529411764
"9",9,"Amouli",28.7641025641026,2.44615384615385,0.384615384615385,0.384615384615385,0.256410256410256,43.1435897435897,0.128205128205128,21.6512820512821,0,3.22564102564103,0,72.1641025641026,25.2615384615385,2.85667884693463
"10",10,"Aoa",48.974358974359,0.512820512820513,1.79487179487179,1.28205128205128,12.8205128205128,8.58974358974359,0.512820512820513,16.5384615384615,0,10.1282051282051,0.512820512820513,70.8974358974359,27.9487179487179,2.53669724770643
"11",11,"Fagaalu",9.61538461538461,1.79487179487179,0.256410256410256,0,0,32.5641025641026,0,53.0769230769231,0,2.69230769230769,0.256410256410256,42.4358974358975,55.7692307692308,0.760919540229885
"12",12,"Fagaitua",41.4102564102564,1.28205128205128,1.92307692307692,0.769230769230769,4.23076923076923,30,0,15.6410256410256,0.128205128205128,5.38461538461539,1.15384615384615,76.7948717948718,21.7948717948718,3.52352941176471
"13",13,"Fagamalo",21.5384615384615,0,1.53846153846154,0.128205128205128,1.28205128205128,32.4358974358974,0.128205128205128,23.974358974359,0,17.8205128205128,1.41025641025641,56.6666666666666,41.9230769230769,1.35168195718654
"14",14,"Fagasa2",21.5384615384615,0.641025641025641,8.07692307692308,2.82051282051282,6.92307692307692,20.8974358974359,0.256410256410256,16.1538461538462,0,25.5128205128205,5.25641025641026,54.6153846153846,44.4871794871795,1.22766570605187
"15",15,"Fagatele",40.8974358974359,2.56410256410256,5.51282051282051,2.69230769230769,0.641025641025641,26.5384615384615,0,18.7179487179487,0.128205128205128,5,2.82051282051282,70.8974358974359,26.4102564102564,2.68446601941748
"16",16,"Laulii",22.4205128205128,8.23076923076923,1.54358974358974,1.28717948717949,4.11794871794872,32.7948717948718,0.256410256410256,26.1179487179487,0.261538461538462,4.25641025641026,0.256410256410256,59.5897435897436,31.6615384615384,1.88208616780045
"17",17,"Leone2",45.5128205128205,1.41025641025641,9.35897435897436,8.97435897435897,0.128205128205128,25.5128205128205,0,12.3076923076923,0,5.76923076923077,0.384615384615385,71.5384615384615,27.051282051282,2.64454976303318
"18",18,"Maloata",58.0769230769231,0,0.128205128205128,0,1.53846153846154,20.5128205128205,0,18.5897435897436,0,1.15384615384615,0.128205128205128,80.2564102564103,19.7435897435897,4.06493506493506
"19",19,"Masausi",44.7435897435897,0.256410256410256,2.17948717948718,0,2.05128205128205,14.8717948717949,0,30.5128205128205,0,5.25641025641026,2.17948717948718,63.8461538461538,35.7692307692308,1.78494623655914
"20",20,"Masefau",4.38974358974359,0.128205128205128,12.3692307692308,0.256410256410256,14.4102564102564,1.41025641025641,16.6974358974359,8.35897435897436,12.7384615384615,29.4974358974359,12.1128205128205,32.3230769230769,38.1128205128205,0.848089343379978
"21",21,"Matuu",21.5384615384615,2.69230769230769,4.35897435897436,3.46153846153846,1.92307692307692,32.8205128205128,0.512820512820513,28.2051282051282,2.94871794871795,5,0.897435897435897,57.1794871794871,36.6666666666667,1.55944055944056
"22",22,"Nua",25.8974358974359,0.897435897435897,23.8461538461538,21.9230769230769,0.384615384615385,15.7692307692308,0.256410256410256,17.6923076923077,0.256410256410256,14.8717948717949,1.92307692307692,43.974358974359,54.4871794871795,0.807058823529412
"23",23,"Nuuuli",7.82051282051282,5.12820512820513,20.6410256410256,20.6410256410256,0,36.1538461538462,0,27.4358974358974,0,2.82051282051282,0,43.974358974359,50.8974358974358,0.863979848866501
"24",24,"Oa",59.974358974359,1.54358974358974,0.774358974358974,0.646153846153846,0.641025641025641,14.7128205128205,0.384615384615385,8.01025641025641,0.256410256410256,13.7025641025641,0.128205128205128,75.4564102564103,22.3589743589744,3.37477064220183
"25",25,"Poloa",42.6923076923077,0,0.128205128205128,0.128205128205128,0,35.2564102564103,0,16.9230769230769,0,5,0,77.948717948718,22.051282051282,3.53488372093024
"26",26,"Sita",29.7282051282051,0.512820512820513,4.26153846153846,1.55897435897436,3.97435897435897,27.6153846153846,0,18.9589743589744,0,14.9487179487179,2.7025641025641,64.0205128205128,35.4666666666667,1.80508964719491
"27",27,"Tafeu",38.4615384615385,15.2564102564103,1.02564102564103,1.02564102564103,0.897435897435897,10.3846153846154,0.256410256410256,11.6666666666667,0,22.0512820512821,0,49.7435897435898,34.7435897435898,1.43173431734317
"28",28,"Vatia",13.5897435897436,0,12.4358974358974,3.84615384615385,11.9230769230769,6.53846153846154,12.5641025641026,8.33333333333333,5,29.6153846153846,8.58974358974359,40.6410256410256,41.7948717948718,0.97239263803681
